{"cameraMode":{"drawMode":0,"name":"Shaded","section":"Shading Mode"},"sceneLighting":false,"audioPlay":false,"sceneViewState":{"showFog":true,"showMaterialUpdate":false,"showSkybox":false,"showFlares":true,"showImageEffects":true,"showParticleSystems":true},"in2DMode":false,"pivot":{"x":0.2976791262626648,"y":-0.48588186502456667,"z":-2.666506767272949},"rotation":{"x":0.002627108944579959,"y":0.9950035810470581,"z":-0.09612564742565155,"w":0.027170682325959207},"size":4.841416835784912,"orthographic":false}